<level>
    <completeShape>
        <xprop>238.6500</xprop>
        <yprop>160.0000</yprop>
        <height>320.00</height>
        <width>480.00</width>
        <rotation>0.0000</rotation>
        <isDynamic>true</isDynamic>
        <shape>SQUARE</shape>
        <physicsandID>'iq'</physicsandID>
        <verts>'()'</verts>
    </completeShape>
    <completeShape>
        <xprop>302.1000</xprop>
        <yprop>110.7500</yprop>
        <height>15.00</height>
        <width>15.00</width>
        <rotation>0.0000</rotation>
        <isDynamic>false</isDynamic>
        <shape>CIRCLE</shape>
        <physicsandID>'ragdoll'</physicsandID>
        <verts>'()'</verts>
    </completeShape>
    <completeShape>
        <xprop>360.2000</xprop>
        <yprop>123.9000</yprop>
        <height>15.00</height>
        <width>15.00</width>
        <rotation>0.0000</rotation>
        <isDynamic>false</isDynamic>
        <shape>CIRCLE</shape>
        <physicsandID>'ragdoll'</physicsandID>
        <verts>'()'</verts>
    </completeShape>
    <completeShape>
        <xprop>245.7500</xprop>
        <yprop>145.5500</yprop>
        <height>10.00</height>
        <width>30.00</width>
        <rotation>0.0000</rotation>
        <isDynamic>false</isDynamic>
        <shape>SQUARE</shape>
        <physicsandID>'platform'</physicsandID>
        <verts>'()'</verts>
    </completeShape>
    <completeShape>
        <xprop>230.4500</xprop>
        <yprop>96.6000</yprop>
        <height>20.00</height>
        <width>20.00</width>
        <rotation>0.0000</rotation>
        <isDynamic>false</isDynamic>
        <shape>SQUARE</shape>
        <physicsandID>'boxSoft'</physicsandID>
        <verts>'()'</verts>
    </completeShape>
    <completeShape>
        <xprop>230.0000</xprop>
        <yprop>57.1000</yprop>
        <height>20.00</height>
        <width>20.00</width>
        <rotation>0.0000</rotation>
        <isDynamic>false</isDynamic>
        <shape>SQUARE</shape>
        <physicsandID>'boxSoft'</physicsandID>
        <verts>'()'</verts>
    </completeShape>
    <completeShape>
        <xprop>303.9500</xprop>
        <yprop>160.4000</yprop>
        <height>10.00</height>
        <width>30.00</width>
        <rotation>0.0000</rotation>
        <isDynamic>false</isDynamic>
        <shape>SQUARE</shape>
        <physicsandID>'platform2'</physicsandID>
        <verts>'()'</verts>
    </completeShape>
    <completeShape>
        <xprop>410.3000</xprop>
        <yprop>145.0000</yprop>
        <height>20.00</height>
        <width>20.00</width>
        <rotation>0.0000</rotation>
        <isDynamic>false</isDynamic>
        <shape>SQUARE</shape>
        <physicsandID>'box'</physicsandID>
        <verts>'()'</verts>
    </completeShape>
    <completeShape>
        <xprop>410.0000</xprop>
        <yprop>105.0000</yprop>
        <height>20.00</height>
        <width>20.00</width>
        <rotation>0.0000</rotation>
        <isDynamic>false</isDynamic>
        <shape>SQUARE</shape>
        <physicsandID>'box'</physicsandID>
        <verts>'()'</verts>
    </completeShape>
    <completeShape>
        <xprop>382.0500</xprop>
        <yprop>173.7000</yprop>
        <height>10.00</height>
        <width>50.00</width>
        <rotation>0.0000</rotation>
        <isDynamic>false</isDynamic>
        <shape>SQUARE</shape>
        <physicsandID>'platform2'</physicsandID>
        <verts>'()'</verts>
    </completeShape>
</level>