<level>
    <completeShape>
        <xprop>240.0000</xprop>
        <yprop>160.0000</yprop>
        <height>320.00</height>
        <width>480.00</width>
        <rotation>0.0000</rotation>
        <isDynamic>true</isDynamic>
        <shape>SQUARE</shape>
        <physicsandID>'iq'</physicsandID>
        <verts>'()'</verts>
    </completeShape>
    <completeShape>
        <xprop>73.1000</xprop>
        <yprop>50.5000</yprop>
        <height>15.00</height>
        <width>15.00</width>
        <rotation>0.0000</rotation>
        <isDynamic>false</isDynamic>
        <shape>CIRCLE</shape>
        <physicsandID>'ragdoll'</physicsandID>
        <verts>'()'</verts>
    </completeShape>
    <completeShape>
        <xprop>235.4500</xprop>
        <yprop>50.5000</yprop>
        <height>15.00</height>
        <width>15.00</width>
        <rotation>0.0000</rotation>
        <isDynamic>false</isDynamic>
        <shape>CIRCLE</shape>
        <physicsandID>'ragdoll'</physicsandID>
        <verts>'()'</verts>
    </completeShape>
    <completeShape>
        <xprop>396.0000</xprop>
        <yprop>50.5000</yprop>
        <height>15.00</height>
        <width>15.00</width>
        <rotation>0.0000</rotation>
        <isDynamic>false</isDynamic>
        <shape>CIRCLE</shape>
        <physicsandID>'ragdoll'</physicsandID>
        <verts>'()'</verts>
    </completeShape>
    <completeShape>
        <xprop>72.4000</xprop>
        <yprop>95.0000</yprop>
        <height>10.00</height>
        <width>30.00</width>
        <rotation>0.0000</rotation>
        <isDynamic>false</isDynamic>
        <shape>SQUARE</shape>
        <physicsandID>'platform'</physicsandID>
        <verts>'()'</verts>
    </completeShape>
    <completeShape>
        <xprop>234.7500</xprop>
        <yprop>95.0000</yprop>
        <height>10.00</height>
        <width>30.00</width>
        <rotation>0.0000</rotation>
        <isDynamic>false</isDynamic>
        <shape>SQUARE</shape>
        <physicsandID>'platform'</physicsandID>
        <verts>'()'</verts>
    </completeShape>
    <completeShape>
        <xprop>397.0000</xprop>
        <yprop>95.0000</yprop>
        <height>10.00</height>
        <width>30.00</width>
        <rotation>0.0000</rotation>
        <isDynamic>false</isDynamic>
        <shape>SQUARE</shape>
        <physicsandID>'platform'</physicsandID>
        <verts>'()'</verts>
    </completeShape>
    <completeShape>
        <xprop>100.9000</xprop>
        <yprop>155.0000</yprop>
        <height>10.00</height>
        <width>30.00</width>
        <rotation>0.0000</rotation>
        <isDynamic>false</isDynamic>
        <shape>SQUARE</shape>
        <maxdist>100</maxdist>
        <speed>0.03</speed>
        <type>0</type>
        <isVerticle>0</isVerticle>
        <physicsandID>'slider'</physicsandID>
        <verts>'()'</verts>
    </completeShape>
    <completeShape>
        <xprop>260.2500</xprop>
        <yprop>155.0000</yprop>
        <height>10.00</height>
        <width>30.00</width>
        <rotation>0.0000</rotation>
        <isDynamic>false</isDynamic>
        <shape>SQUARE</shape>
        <maxdist>100</maxdist>
        <speed>0.03</speed>
        <type>0</type>
        <isVerticle>0</isVerticle>
        <physicsandID>'slider'</physicsandID>
        <verts>'()'</verts>
    </completeShape>
    <completeShape>
        <xprop>150.2500</xprop>
        <yprop>100.0000</yprop>
        <height>10.00</height>
        <width>30.00</width>
        <rotation>0.0000</rotation>
        <isDynamic>false</isDynamic>
        <shape>SQUARE</shape>
        <maxdist>50</maxdist>
        <speed>0.05</speed>
        <type>1</type>
        <isVerticle>1</isVerticle>
        <physicsandID>'slider'</physicsandID>
        <verts>'()'</verts>
    </completeShape>
    <completeShape>
        <xprop>320.2500</xprop>
        <yprop>100.0000</yprop>
        <height>10.00</height>
        <width>30.00</width>
        <rotation>0.0000</rotation>
        <isDynamic>false</isDynamic>
        <shape>SQUARE</shape>
        <maxdist>50</maxdist>
        <speed>0.05</speed>
        <type>1</type>
        <isVerticle>1</isVerticle>
        <physicsandID>'slider'</physicsandID>
        <verts>'()'</verts>
    </completeShape>
</level>