<level>
    <completeShape>
        <xprop>238.6500</xprop>
        <yprop>160.0000</yprop>
        <height>320.00</height>
        <width>480.00</width>
        <rotation>0.0000</rotation>
        <isDynamic>true</isDynamic>
        <shape>SQUARE</shape>
        <physicsandID>'iq'</physicsandID>
        <verts>'()'</verts>
    </completeShape>
    <completeShape>
        <xprop>240.0</xprop>
        <yprop>55.3500</yprop>
        <height>15.00</height>
        <width>15.00</width>
        <rotation>0.0000</rotation>
        <isDynamic>false</isDynamic>
        <shape>CIRCLE</shape>
        <physicsandID>'ragdoll'</physicsandID>
        <verts>'()'</verts>
    </completeShape>
    <completeShape>
        <xprop>240.7500</xprop>
        <yprop>100.0000</yprop>
        <height>10.00</height>
        <width>30.00</width>
        <rotation>0.0000</rotation>
        <isDynamic>false</isDynamic>
        <shape>SQUARE</shape>
        <physicsandID>'platform2'</physicsandID>
        <verts>'()'</verts>
    </completeShape>
    <completeShape>
        <xprop>240.0000</xprop>
        <yprop>240.0500</yprop>
        <height>50.00</height>
        <width>50.00</width>
        <rotation>0.0000</rotation>
        <isDynamic>false</isDynamic>
        <shape>CIRCLE</shape>
        <physicsandID>'bPlatform'</physicsandID>
        <verts>'()'</verts>
    </completeShape>
    <completeShape>
        <xprop>120.0000</xprop>
        <yprop>130.0500</yprop>
        <height>50.00</height>
        <width>50.00</width>
        <rotation>0.0000</rotation>
        <isDynamic>false</isDynamic>
        <shape>CIRCLE</shape>
        <physicsandID>'bPlatform'</physicsandID>
        <verts>'()'</verts>
    </completeShape>
    <completeShape>
        <xprop>360.0000</xprop>
        <yprop>130.0500</yprop>
        <height>50.00</height>
        <width>50.00</width>
        <rotation>0.0000</rotation>
        <isDynamic>false</isDynamic>
        <shape>CIRCLE</shape>
        <physicsandID>'bPlatform'</physicsandID>
        <verts>'()'</verts>
    </completeShape>
</level>