<level>
    <completeShape>
        <xprop>238.6500</xprop>
        <yprop>160.5000</yprop>
        <height>320.00</height>
        <width>480.00</width>
        <rotation>0.0000</rotation>
        <isDynamic>true</isDynamic>
        <shape>SQUARE</shape>
        <physicsandID>'iq'</physicsandID>
        <verts>'()'</verts>
    </completeShape>
    <completeShape>
        <xprop>350.2000</xprop>
        <yprop>275.3000</yprop>
        <height>15.00</height>
        <width>15.00</width>
        <rotation>0.0000</rotation>
        <isDynamic>false</isDynamic>
        <shape>CIRCLE</shape>
        <physicsandID>'ragdoll'</physicsandID>
        <verts>'()'</verts>
    </completeShape>
    <completeShape>
        <xprop>270.2000</xprop>
        <yprop>275.3000</yprop>
        <height>15.00</height>
        <width>15.00</width>
        <rotation>0.0000</rotation>
        <isDynamic>false</isDynamic>
        <shape>CIRCLE</shape>
        <physicsandID>'ragdoll'</physicsandID>
        <verts>'()'</verts>
    </completeShape>
    <completeShape>
        <xprop>310.2000</xprop>
        <yprop>190.3000</yprop>
        <height>15.00</height>
        <width>15.00</width>
        <rotation>0.0000</rotation>
        <isDynamic>false</isDynamic>
        <shape>CIRCLE</shape>
        <physicsandID>'ragdoll'</physicsandID>
        <verts>'()'</verts>
    </completeShape>
    <completeShape>
        <xprop>310.2000</xprop>
        <yprop>95.3000</yprop>
        <height>15.00</height>
        <width>15.00</width>
        <rotation>0.0000</rotation>
        <isDynamic>false</isDynamic>
        <shape>CIRCLE</shape>
        <physicsandID>'ragdoll'</physicsandID>
        <verts>'()'</verts>
    </completeShape>
    <completeShape>
        <xprop>230.5500</xprop>
        <yprop>210.0000</yprop>
        <height>20.00</height>
        <width>20.00</width>
        <rotation>0.0000</rotation>
        <isDynamic>false</isDynamic>
        <shape>SQUARE</shape>
        <physicsandID>'box'</physicsandID>
        <verts>'()'</verts>
    </completeShape>
    <completeShape>
        <xprop>310.9000</xprop>
        <yprop>140.5500</yprop>
        <height>10.00</height>
        <width>30.00</width>
        <rotation>0.0000</rotation>
        <isDynamic>false</isDynamic>
        <shape>SQUARE</shape>
        <physicsandID>'platform'</physicsandID>
        <verts>'()'</verts>
    </completeShape>
    <completeShape>
        <xprop>400.3500</xprop>
        <yprop>278.0000</yprop>
        <height>10.00</height>
        <width>40.00</width>
        <rotation>270.0000</rotation>
        <isDynamic>false</isDynamic>
        <shape>SQUARE</shape>
        <physicsandID>'platform2'</physicsandID>
        <verts>'()'</verts>
    </completeShape>
    <completeShape>
        <xprop>220.0589</xprop>
        <yprop>287.9696</yprop>
        <height>10.00</height>
        <width>30.00</width>
        <rotation>90.0000</rotation>
        <isDynamic>false</isDynamic>
        <shape>SQUARE</shape>
        <physicsandID>'platform2'</physicsandID>
        <verts>'()'</verts>
    </completeShape>
    <completeShape>
        <xprop>309.1750</xprop>
        <yprop>235.3000</yprop>
        <height>10.00</height>
        <width>100.25</width>
        <rotation>0.0000</rotation>
        <isDynamic>false</isDynamic>
        <shape>SQUARE</shape>
        <physicsandID>'platform2'</physicsandID>
        <verts>'()'</verts>
    </completeShape>
    <completeShape>
        <xprop>200.7500</xprop>
        <yprop>280.9500</yprop>
        <height>10.00</height>
        <width>30.00</width>
        <rotation>0.0000</rotation>
        <isDynamic>false</isDynamic>
        <shape>SQUARE</shape>
        <maxdist>80</maxdist>
        <speed>0.05</speed>
        <type>1</type>
        <isVerticle>1</isVerticle>
        <physicsandID>'slider'</physicsandID>
        <verts>'()'</verts>
    </completeShape>
</level>