<level>
    <completeShape>
        <xprop>238.6500</xprop>
        <yprop>160.5000</yprop>
        <height>320.00</height>
        <width>480.00</width>
        <rotation>0.0000</rotation>
        <isDynamic>true</isDynamic>
        <shape>SQUARE</shape>
        <physicsandID>'iq'</physicsandID>
        <verts>'()'</verts>
    </completeShape>
    <completeShape>
        <xprop>90.3000</xprop>
        <yprop>100.0500</yprop>
        <height>10.00</height>
        <width>25.00</width>
        <rotation>0.0000</rotation>
        <isDynamic>false</isDynamic>
        <shape>SQUARE</shape>
        <physicsandID>'platform'</physicsandID>
        <verts>'()'</verts>
    </completeShape>
    <completeShape>
        <xprop>240.1500</xprop>
        <yprop>100.1000</yprop>
        <height>10.00</height>
        <width>25.00</width>
        <rotation>0.0000</rotation>
        <isDynamic>false</isDynamic>
        <shape>SQUARE</shape>
        <physicsandID>'platform'</physicsandID>
        <verts>'()'</verts>
    </completeShape>
    <completeShape>
        <xprop>390.3500</xprop>
        <yprop>100.4000</yprop>
        <height>10.00</height>
        <width>25.00</width>
        <rotation>0.0000</rotation>
        <isDynamic>false</isDynamic>
        <shape>SQUARE</shape>
        <physicsandID>'platform'</physicsandID>
        <verts>'()'</verts>
    </completeShape>
    <completeShape>
        <xprop>160.9500</xprop>
        <yprop>160.3000</yprop>
        <height>10.00</height>
        <width>25.00</width>
        <rotation>0.0000</rotation>
        <isDynamic>false</isDynamic>
        <shape>SQUARE</shape>
        <physicsandID>'platform'</physicsandID>
        <verts>'()'</verts>
    </completeShape>
    <completeShape>
        <xprop>310.0000</xprop>
        <yprop>160.3500</yprop>
        <height>10.00</height>
        <width>25.00</width>
        <rotation>0.0000</rotation>
        <isDynamic>false</isDynamic>
        <shape>SQUARE</shape>
        <physicsandID>'platform'</physicsandID>
        <verts>'()'</verts>
    </completeShape>
    <completeShape>
        <xprop>90.3000</xprop>
        <yprop>220.5500</yprop>
        <height>10.00</height>
        <width>25.00</width>
        <rotation>0.0000</rotation>
        <isDynamic>false</isDynamic>
        <shape>SQUARE</shape>
        <physicsandID>'platform'</physicsandID>
        <verts>'()'</verts>
    </completeShape>
    <completeShape>
        <xprop>240.5000</xprop>
        <yprop>220.4500</yprop>
        <height>10.00</height>
        <width>25.00</width>
        <rotation>0.0000</rotation>
        <isDynamic>false</isDynamic>
        <shape>SQUARE</shape>
        <physicsandID>'platform'</physicsandID>
        <verts>'()'</verts>
    </completeShape>
    <completeShape>
        <xprop>390.1000</xprop>
        <yprop>220.1500</yprop>
        <height>10.00</height>
        <width>25.00</width>
        <rotation>0.0000</rotation>
        <isDynamic>false</isDynamic>
        <shape>SQUARE</shape>
        <physicsandID>'platform'</physicsandID>
        <verts>'()'</verts>
    </completeShape>
    <completeShape>
        <xprop>90.9500</xprop>
        <yprop>55.1500</yprop>
        <height>15.00</height>
        <width>15.00</width>
        <rotation>0.0000</rotation>
        <isDynamic>false</isDynamic>
        <shape>CIRCLE</shape>
        <physicsandID>'ragdoll'</physicsandID>
        <verts>'()'</verts>
    </completeShape>
    <completeShape>
        <xprop>240.8500</xprop>
        <yprop>55.3500</yprop>
        <height>15.00</height>
        <width>15.00</width>
        <rotation>0.0000</rotation>
        <isDynamic>false</isDynamic>
        <shape>CIRCLE</shape>
        <physicsandID>'ragdoll'</physicsandID>
        <verts>'()'</verts>
    </completeShape>
    <completeShape>
        <xprop>390.6500</xprop>
        <yprop>55.7500</yprop>
        <height>15.00</height>
        <width>15.00</width>
        <rotation>0.0000</rotation>
        <isDynamic>false</isDynamic>
        <shape>CIRCLE</shape>
        <physicsandID>'ragdoll'</physicsandID>
        <verts>'()'</verts>
    </completeShape>
    <completeShape>
        <xprop>160.8000</xprop>
        <yprop>115.7000</yprop>
        <height>15.00</height>
        <width>15.00</width>
        <rotation>0.0000</rotation>
        <isDynamic>false</isDynamic>
        <shape>CIRCLE</shape>
        <physicsandID>'ragdoll'</physicsandID>
        <verts>'()'</verts>
    </completeShape>
    <completeShape>
        <xprop>310.1000</xprop>
        <yprop>115.5500</yprop>
        <height>15.00</height>
        <width>15.00</width>
        <rotation>0.0000</rotation>
        <isDynamic>false</isDynamic>
        <shape>CIRCLE</shape>
        <physicsandID>'ragdoll'</physicsandID>
        <verts>'()'</verts>
    </completeShape>
    <completeShape>
        <xprop>90.5000</xprop>
        <yprop>175.1000</yprop>
        <height>15.00</height>
        <width>15.00</width>
        <rotation>0.0000</rotation>
        <isDynamic>false</isDynamic>
        <shape>CIRCLE</shape>
        <physicsandID>'ragdoll'</physicsandID>
        <verts>'()'</verts>
    </completeShape>
    <completeShape>
        <xprop>240.7000</xprop>
        <yprop>175.2000</yprop>
        <height>15.00</height>
        <width>15.00</width>
        <rotation>0.0000</rotation>
        <isDynamic>false</isDynamic>
        <shape>CIRCLE</shape>
        <physicsandID>'ragdoll'</physicsandID>
        <verts>'()'</verts>
    </completeShape>
    <completeShape>
        <xprop>390.0500</xprop>
        <yprop>175.2000</yprop>
        <height>15.00</height>
        <width>15.00</width>
        <rotation>0.0000</rotation>
        <isDynamic>false</isDynamic>
        <shape>CIRCLE</shape>
        <physicsandID>'ragdoll'</physicsandID>
        <verts>'()'</verts>
    </completeShape>
</level>