<level>
    <completeShape>
        <xprop>240.0000</xprop>
        <yprop>160.0000</yprop>
        <height>320.00</height>
        <width>480.00</width>
        <rotation>0.0000</rotation>
        <isDynamic>true</isDynamic>
        <shape>SQUARE</shape>
        <physicsandID>'iq'</physicsandID>
        <verts>'()'</verts>
    </completeShape>
    <completeShape>
        <xprop>164.4000</xprop>
        <yprop>105.6000</yprop>
        <height>15.00</height>
        <width>15.00</width>
        <rotation>0.0000</rotation>
        <isDynamic>false</isDynamic>
        <shape>CIRCLE</shape>
        <physicsandID>'ragdoll'</physicsandID>
        <verts>'()'</verts>
    </completeShape>
    <completeShape>
        <xprop>246.6500</xprop>
        <yprop>210.5500</yprop>
        <height>15.00</height>
        <width>15.00</width>
        <rotation>0.0000</rotation>
        <isDynamic>false</isDynamic>
        <shape>CIRCLE</shape>
        <physicsandID>'ragdoll'</physicsandID>
        <verts>'()'</verts>
    </completeShape>
    <completeShape>
        <xprop>352.5500</xprop>
        <yprop>156.1000</yprop>
        <height>10.00</height>
        <width>30.00</width>
        <rotation>0.0000</rotation>
        <isDynamic>false</isDynamic>
        <shape>SQUARE</shape>
        <physicsandID>'platform'</physicsandID>
        <verts>'()'</verts>
    </completeShape>
    <completeShape>
        <xprop>353.1500</xprop>
        <yprop>105.6000</yprop>
        <height>15.00</height>
        <width>15.00</width>
        <rotation>0.0000</rotation>
        <isDynamic>false</isDynamic>
        <shape>CIRCLE</shape>
        <physicsandID>'ragdoll'</physicsandID>
        <verts>'()'</verts>
    </completeShape>
    <completeShape>
        <xprop>163.3500</xprop>
        <yprop>154.9000</yprop>
        <height>10.00</height>
        <width>30.00</width>
        <rotation>0.0000</rotation>
        <isDynamic>false</isDynamic>
        <shape>SQUARE</shape>
        <physicsandID>'platform'</physicsandID>
        <verts>'()'</verts>
    </completeShape>
    <completeShape>
        <xprop>244.8500</xprop>
        <yprop>259.7000</yprop>
        <height>10.00</height>
        <width>30.00</width>
        <rotation>0.0000</rotation>
        <isDynamic>false</isDynamic>
        <shape>SQUARE</shape>
        <physicsandID>'platform'</physicsandID>
        <verts>'()'</verts>
    </completeShape>
</level>