<level>
    <completeShape>
        <xprop>238.6500</xprop>
        <yprop>160.5000</yprop>
        <height>320.00</height>
        <width>480.00</width>
        <rotation>0.0000</rotation>
        <isDynamic>true</isDynamic>
        <shape>SQUARE</shape>
        <physicsandID>'iq'</physicsandID>
        <verts>'()'</verts>
    </completeShape>
    <completeShape>
        <xprop>180.6500</xprop>
        <yprop>287.5000</yprop>
        <height>10.00</height>
        <width>30.00</width>
        <rotation>90.0000</rotation>
        <isDynamic>false</isDynamic>
        <shape>SQUARE</shape>
        <physicsandID>'platform'</physicsandID>
        <verts>'()'</verts>
    </completeShape>
    <completeShape>
        <xprop>240.3000</xprop>
        <yprop>275.2000</yprop>
        <height>15.00</height>
        <width>15.00</width>
        <rotation>0.0000</rotation>
        <isDynamic>false</isDynamic>
        <shape>CIRCLE</shape>
        <physicsandID>'ragdoll'</physicsandID>
        <verts>'()'</verts>
    </completeShape>
    <completeShape>
        <xprop>300.6500</xprop>
        <yprop>287.5000</yprop>
        <height>10.00</height>
        <width>30.00</width>
        <rotation>90.0000</rotation>
        <isDynamic>false</isDynamic>
        <shape>SQUARE</shape>
        <physicsandID>'platform'</physicsandID>
        <verts>'()'</verts>
    </completeShape>
    <completeShape>
        <xprop>360.3000</xprop>
        <yprop>275.2000</yprop>
        <height>15.00</height>
        <width>15.00</width>
        <rotation>0.0000</rotation>
        <isDynamic>false</isDynamic>
        <shape>CIRCLE</shape>
        <physicsandID>'ragdoll'</physicsandID>
        <verts>'()'</verts>
    </completeShape>
    <completeShape>
        <xprop>160.7500</xprop>
        <yprop>247.9500</yprop>
        <height>10.00</height>
        <width>30.00</width>
        <rotation>0.0000</rotation>
        <isDynamic>false</isDynamic>
        <shape>SQUARE</shape>
        <maxdist>160</maxdist>
        <speed>0.05</speed>
        <type>0</type>
        <isVerticle>0</isVerticle>
        <physicsandID>'slider'</physicsandID>
        <verts>'()'</verts>
    </completeShape>
    <completeShape>
        <xprop>180.6500</xprop>
        <yprop>200.5000</yprop>
        <height>10.00</height>
        <width>30.00</width>
        <rotation>0.0000</rotation>
        <isDynamic>false</isDynamic>
        <shape>SQUARE</shape>
        <physicsandID>'platform2'</physicsandID>
        <verts>'()'</verts>
    </completeShape>
    <completeShape>
        <xprop>300.8000</xprop>
        <yprop>200.1000</yprop>
        <height>10.00</height>
        <width>30.00</width>
        <rotation>0.0000</rotation>
        <isDynamic>false</isDynamic>
        <shape>SQUARE</shape>
        <physicsandID>'platform2'</physicsandID>
        <verts>'()'</verts>
    </completeShape>
    <completeShape>
        <xprop>200.1500</xprop>
        <yprop>175.0500</yprop>
        <height>15.00</height>
        <width>15.00</width>
        <rotation>0.0000</rotation>
        <isDynamic>false</isDynamic>
        <shape>SQUARE</shape>
        <physicsandID>'boxSoft'</physicsandID>
        <verts>'()'</verts>
    </completeShape>
    <completeShape>
        <xprop>280.1500</xprop>
        <yprop>175.0500</yprop>
        <height>15.00</height>
        <width>15.00</width>
        <rotation>0.0000</rotation>
        <isDynamic>false</isDynamic>
        <shape>SQUARE</shape>
        <physicsandID>'boxSoft'</physicsandID>
        <verts>'()'</verts>
    </completeShape>
    <completeShape>
        <xprop>210.1500</xprop>
        <yprop>145.0500</yprop>
        <height>15.00</height>
        <width>15.00</width>
        <rotation>0.0000</rotation>
        <isDynamic>false</isDynamic>
        <shape>SQUARE</shape>
        <physicsandID>'boxSoft'</physicsandID>
        <verts>'()'</verts>
    </completeShape>
    <completeShape>
        <xprop>270.1500</xprop>
        <yprop>145.0500</yprop>
        <height>15.00</height>
        <width>15.00</width>
        <rotation>0.0000</rotation>
        <isDynamic>false</isDynamic>
        <shape>SQUARE</shape>
        <physicsandID>'boxSoft'</physicsandID>
        <verts>'()'</verts>
    </completeShape>
    <completeShape>
        <xprop>220.1500</xprop>
        <yprop>115.0500</yprop>
        <height>15.00</height>
        <width>15.00</width>
        <rotation>0.0000</rotation>
        <isDynamic>false</isDynamic>
        <shape>SQUARE</shape>
        <physicsandID>'boxSoft'</physicsandID>
        <verts>'()'</verts>
    </completeShape>
    <completeShape>
        <xprop>260.1500</xprop>
        <yprop>115.0500</yprop>
        <height>15.00</height>
        <width>15.00</width>
        <rotation>0.0000</rotation>
        <isDynamic>false</isDynamic>
        <shape>SQUARE</shape>
        <physicsandID>'boxSoft'</physicsandID>
        <verts>'()'</verts>
    </completeShape>
    <completeShape>
        <xprop>240.1500</xprop>
        <yprop>85.0500</yprop>
        <height>15.00</height>
        <width>15.00</width>
        <rotation>0.0000</rotation>
        <isDynamic>false</isDynamic>
        <shape>SQUARE</shape>
        <physicsandID>'boxSoft'</physicsandID>
        <verts>'()'</verts>
    </completeShape>
    <completeShape>
        <xprop>120.6500</xprop>
        <yprop>140.5000</yprop>
        <height>10.00</height>
        <width>30.00</width>
        <rotation>0.0000</rotation>
        <isDynamic>false</isDynamic>
        <shape>SQUARE</shape>
        <physicsandID>'platform'</physicsandID>
        <verts>'()'</verts>
    </completeShape>
    <completeShape>
        <xprop>120.3000</xprop>
        <yprop>95.2000</yprop>
        <height>15.00</height>
        <width>15.00</width>
        <rotation>0.0000</rotation>
        <isDynamic>false</isDynamic>
        <shape>CIRCLE</shape>
        <physicsandID>'ragdoll'</physicsandID>
        <verts>'()'</verts>
    </completeShape>
    <completeShape>
        <xprop>160.7500</xprop>
        <yprop>120.9500</yprop>
        <height>10.00</height>
        <width>30.00</width>
        <rotation>0.0000</rotation>
        <isDynamic>false</isDynamic>
        <shape>SQUARE</shape>
        <maxdist>80</maxdist>
        <speed>0.05</speed>
        <type>1</type>
        <isVerticle>1</isVerticle>
        <physicsandID>'slider1'</physicsandID>
        <verts>'()'</verts>
    </completeShape>
    <completeShape>
        <xprop>360.6500</xprop>
        <yprop>140.5000</yprop>
        <height>10.00</height>
        <width>30.00</width>
        <rotation>0.0000</rotation>
        <isDynamic>false</isDynamic>
        <shape>SQUARE</shape>
        <physicsandID>'platform'</physicsandID>
        <verts>'()'</verts>
    </completeShape>
    <completeShape>
        <xprop>360.3000</xprop>
        <yprop>95.2000</yprop>
        <height>15.00</height>
        <width>15.00</width>
        <rotation>0.0000</rotation>
        <isDynamic>false</isDynamic>
        <shape>CIRCLE</shape>
        <physicsandID>'ragdoll'</physicsandID>
        <verts>'()'</verts>
    </completeShape>
    <completeShape>
        <xprop>320.7500</xprop>
        <yprop>120.9500</yprop>
        <height>10.00</height>
        <width>30.00</width>
        <rotation>0.0000</rotation>
        <isDynamic>false</isDynamic>
        <shape>SQUARE</shape>
        <maxdist>80</maxdist>
        <speed>0.05</speed>
        <type>1</type>
        <isVerticle>1</isVerticle>
        <physicsandID>'slider1'</physicsandID>
        <verts>'()'</verts>
    </completeShape>
</level>