<level>
    <completeShape>
        <xprop>238.6500</xprop>
        <yprop>160.5000</yprop>
        <height>320.00</height>
        <width>480.00</width>
        <rotation>0.0000</rotation>
        <isDynamic>true</isDynamic>
        <shape>SQUARE</shape>
        <physicsandID>'iq'</physicsandID>
        <verts>'()'</verts>
    </completeShape>
    <completeShape>
        <xprop>48.5500</xprop>
        <yprop>210.7500</yprop>
        <height>10.00</height>
        <width>30.00</width>
        <rotation>0.0000</rotation>
        <isDynamic>false</isDynamic>
        <shape>SQUARE</shape>
        <physicsandID>'platform'</physicsandID>
        <verts>'()'</verts>
    </completeShape>
    <completeShape>
        <xprop>48.3500</xprop>
        <yprop>100.2500</yprop>
        <height>10.00</height>
        <width>30.00</width>
        <rotation>0.0000</rotation>
        <isDynamic>false</isDynamic>
        <shape>SQUARE</shape>
        <physicsandID>'platform'</physicsandID>
        <verts>'()'</verts>
    </completeShape>
    <completeShape>
        <xprop>437.9500</xprop>
        <yprop>100.7000</yprop>
        <height>10.00</height>
        <width>30.00</width>
        <rotation>0.0000</rotation>
        <isDynamic>false</isDynamic>
        <shape>SQUARE</shape>
        <physicsandID>'platform'</physicsandID>
        <verts>'()'</verts>
    </completeShape>
    <completeShape>
        <xprop>437.2000</xprop>
        <yprop>210.1500</yprop>
        <height>10.00</height>
        <width>30.00</width>
        <rotation>0.0000</rotation>
        <isDynamic>false</isDynamic>
        <shape>SQUARE</shape>
        <physicsandID>'platform'</physicsandID>
        <verts>'()'</verts>
    </completeShape>
    <completeShape>
        <xprop>235.2000</xprop>
        <yprop>100.1500</yprop>
        <height>50.00</height>
        <width>50.00</width>
        <rotation>0.0000</rotation>
        <isDynamic>false</isDynamic>
        <shape>CIRCLE</shape>
        <physicsandID>'bPlatform'</physicsandID>
        <verts>'()'</verts>
    </completeShape>
    <completeShape>
        <xprop>235.7000</xprop>
        <yprop>210.7000</yprop>
        <height>50.00</height>
        <width>50.00</width>
        <rotation>0.0000</rotation>
        <isDynamic>false</isDynamic>
        <shape>CIRCLE</shape>
        <physicsandID>'bPlatform'</physicsandID>
        <verts>'()'</verts>
    </completeShape>
    <completeShape>
        <xprop>145.7500</xprop>
        <yprop>210.9500</yprop>
        <height>10.00</height>
        <width>30.00</width>
        <rotation>0.0000</rotation>
        <isDynamic>false</isDynamic>
        <shape>SQUARE</shape>
        <maxdist>120</maxdist>
        <speed>0.05</speed>
        <type>1</type>
        <isVerticle>1</isVerticle>
        <physicsandID>'slider'</physicsandID>
        <verts>'()'</verts>
    </completeShape>
    <completeShape>
        <xprop>335.7500</xprop>
        <yprop>210.9500</yprop>
        <height>10.00</height>
        <width>30.00</width>
        <rotation>0.0000</rotation>
        <isDynamic>false</isDynamic>
        <shape>SQUARE</shape>
        <maxdist>120</maxdist>
        <speed>0.05</speed>
        <type>1</type>
        <isVerticle>1</isVerticle>
        <physicsandID>'slider'</physicsandID>
        <verts>'()'</verts>
    </completeShape>
    <completeShape>
        <xprop>430.4000</xprop>
        <yprop>50.1000</yprop>
        <height>15.00</height>
        <width>15.00</width>
        <rotation>0.0000</rotation>
        <isDynamic>false</isDynamic>
        <shape>CIRCLE</shape>
        <physicsandID>'ragdoll'</physicsandID>
        <verts>'()'</verts>
    </completeShape>
    <completeShape>
        <xprop>430.3500</xprop>
        <yprop>160.3500</yprop>
        <height>15.00</height>
        <width>15.00</width>
        <rotation>0.0000</rotation>
        <isDynamic>false</isDynamic>
        <shape>CIRCLE</shape>
        <physicsandID>'ragdoll'</physicsandID>
        <verts>'()'</verts>
    </completeShape>
    <completeShape>
        <xprop>60.8500</xprop>
        <yprop>50.3500</yprop>
        <height>15.00</height>
        <width>15.00</width>
        <rotation>0.0000</rotation>
        <isDynamic>false</isDynamic>
        <shape>CIRCLE</shape>
        <physicsandID>'ragdoll'</physicsandID>
        <verts>'()'</verts>
    </completeShape>
    <completeShape>
        <xprop>60.5500</xprop>
        <yprop>160.5500</yprop>
        <height>15.00</height>
        <width>15.00</width>
        <rotation>0.0000</rotation>
        <isDynamic>false</isDynamic>
        <shape>CIRCLE</shape>
        <physicsandID>'ragdoll'</physicsandID>
        <verts>'()'</verts>
    </completeShape>
</level>