<level>
    <completeShape>
        <xprop>238.6500</xprop>
        <yprop>160.5000</yprop>
        <height>320.00</height>
        <width>480.00</width>
        <rotation>0.0000</rotation>
        <isDynamic>true</isDynamic>
        <shape>SQUARE</shape>
        <physicsandID1>'iq'</physicsandID1>
        <verts>'()'</verts>
    </completeShape>
    <completeShape>
        <xprop>43.6500</xprop>
        <yprop>55.4000</yprop>
        <height>15.00</height>
        <width>15.00</width>
        <rotation>0.0000</rotation>
        <isDynamic>false</isDynamic>
        <shape>CIRCLE</shape>
        <physicsandID>'ragdoll'</physicsandID>
        <verts>'()'</verts>
    </completeShape>
    <completeShape>
        <xprop>414.1589</xprop>
        <yprop>70.9196</yprop>
        <height>10.00</height>
        <width>30.00</width>
        <rotation>90.0000</rotation>
        <isDynamic>false</isDynamic>
        <shape>SQUARE</shape>
        <physicsandID>'platform2'</physicsandID>
        <verts>'()'</verts>
    </completeShape>
    <completeShape>
        <xprop>437.5500</xprop>
        <yprop>102.5500</yprop>
        <height>10.00</height>
        <width>30.00</width>
        <rotation>0.0000</rotation>
        <isDynamic>false</isDynamic>
        <shape>SQUARE</shape>
        <physicsandID>'platform2'</physicsandID>
        <verts>'()'</verts>
    </completeShape>
    <completeShape>
        <xprop>437.6500</xprop>
        <yprop>190.4000</yprop>
        <height>15.00</height>
        <width>15.00</width>
        <rotation>0.0000</rotation>
        <isDynamic>false</isDynamic>
        <shape>CIRCLE</shape>
        <physicsandID>'ragdoll'</physicsandID>
        <verts>'()'</verts>
    </completeShape>
    <completeShape>
        <xprop>48.6500</xprop>
        <yprop>140.4000</yprop>
        <height>15.00</height>
        <width>15.00</width>
        <rotation>0.0000</rotation>
        <isDynamic>false</isDynamic>
        <shape>CIRCLE</shape>
        <physicsandID>'ragdoll'</physicsandID>
        <verts>'()'</verts>
    </completeShape>
    <completeShape>
        <xprop>370.7500</xprop>
        <yprop>200.9500</yprop>
        <height>10.00</height>
        <width>30.00</width>
        <rotation>0.0000</rotation>
        <isDynamic>false</isDynamic>
        <shape>SQUARE</shape>
        <maxdist>60</maxdist>
        <speed>0.05</speed>
        <type>1</type>
        <isVerticle>1</isVerticle>
        <physicsandID1>'slider'</physicsandID1>
        <verts>'()'</verts>
    </completeShape>
    <completeShape>
        <xprop>71.4589</xprop>
        <yprop>70.0696</yprop>
        <height>10.00</height>
        <width>30.00</width>
        <rotation>90.0000</rotation>
        <isDynamic>false</isDynamic>
        <shape>SQUARE</shape>
        <physicsandID>'platform2'</physicsandID>
        <verts>'()'</verts>
    </completeShape>
    <completeShape>
        <xprop>48.9000</xprop>
        <yprop>102.1500</yprop>
        <height>10.00</height>
        <width>30.00</width>
        <rotation>0.0000</rotation>
        <isDynamic>false</isDynamic>
        <shape>SQUARE</shape>
        <physicsandID>'platform2'</physicsandID>
        <verts>'()'</verts>
    </completeShape>
    <completeShape>
        <xprop>48.0500</xprop>
        <yprop>190.6500</yprop>
        <height>10.00</height>
        <width>30.00</width>
        <rotation>0.0000</rotation>
        <isDynamic>false</isDynamic>
        <shape>SQUARE</shape>
        <physicsandID>'platform2'</physicsandID>
        <verts>'()'</verts>
    </completeShape>
    <completeShape>
        <xprop>440.0500</xprop>
        <yprop>55.3500</yprop>
        <height>15.00</height>
        <width>15.00</width>
        <rotation>0.0000</rotation>
        <isDynamic>false</isDynamic>
        <shape>CIRCLE</shape>
        <physicsandID>'ragdoll'</physicsandID>
        <verts>'()'</verts>
    </completeShape>
    <completeShape>
        <xprop>414.9589</xprop>
        <yprop>272.6696</yprop>
        <height>10.00</height>
        <width>30.00</width>
        <rotation>90.0000</rotation>
        <isDynamic>false</isDynamic>
        <shape>SQUARE</shape>
        <physicsandID>'platform2'</physicsandID>
        <verts>'()'</verts>
    </completeShape>
    <completeShape>
        <xprop>437.8000</xprop>
        <yprop>240.2000</yprop>
        <height>10.00</height>
        <width>30.00</width>
        <rotation>0.0000</rotation>
        <isDynamic>false</isDynamic>
        <shape>SQUARE</shape>
        <physicsandID>'platform2'</physicsandID>
        <verts>'()'</verts>
    </completeShape>
    <completeShape>
        <xprop>440.8000</xprop>
        <yprop>270.3000</yprop>
        <height>15.00</height>
        <width>15.00</width>
        <rotation>0.0000</rotation>
        <isDynamic>false</isDynamic>
        <shape>CIRCLE</shape>
        <physicsandID>'ragdoll'</physicsandID>
        <verts>'()'</verts>
    </completeShape>
    <completeShape>
        <xprop>240.4589</xprop>
        <yprop>50.0696</yprop>
        <height>10.00</height>
        <width>30.00</width>
        <rotation>90.0000</rotation>
        <isDynamic>false</isDynamic>
        <shape>SQUARE</shape>
        <physicsandID>'platform'</physicsandID>
        <verts>'()'</verts>
    </completeShape>
    <completeShape>
        <xprop>240.8000</xprop>
        <yprop>97.2000</yprop>
        <height>10.00</height>
        <width>30.00</width>
        <rotation>0.0000</rotation>
        <isDynamic>false</isDynamic>
        <shape>SQUARE</shape>
        <physicsandID>'bPlatform'</physicsandID>
        <verts>'()'</verts>
    </completeShape>
    <completeShape>
        <xprop>240.8000</xprop>
        <yprop>287.2000</yprop>
        <height>10.00</height>
        <width>30.00</width>
        <rotation>90.0000</rotation>
        <isDynamic>false</isDynamic>
        <shape>SQUARE</shape>
        <physicsandID>'platform'</physicsandID>
        <verts>'()'</verts>
    </completeShape>
    <completeShape>
        <xprop>240.8000</xprop>
        <yprop>240.2000</yprop>
        <height>10.00</height>
        <width>30.00</width>
        <rotation>0.0000</rotation>
        <isDynamic>false</isDynamic>
        <shape>SQUARE</shape>
        <physicsandID>'bPlatform'</physicsandID>
        <verts>'()'</verts>
    </completeShape>
</level>