<?xml version="1.0"?><GameConfig><StartRopes><Rope Number="0" Type="chain"><RopeNode nodeNumber="0" x="214" y="87" /><RopeNode nodeNumber="1" x="235" y="88" /><RopeNode nodeNumber="2" x="275" y="88" /><RopeNode nodeNumber="3" x="307" y="95" /><RopeNode nodeNumber="4" x="335" y="105" /><RopeNode nodeNumber="5" x="355" y="118" /><RopeNode nodeNumber="6" x="365" y="137" /><RopeNode nodeNumber="7" x="370" y="159" /><RopeNode nodeNumber="8" x="368" y="177" /><RopeNode nodeNumber="9" x="359" y="196" /><RopeNode nodeNumber="10" x="343" y="205" /><RopeNode nodeNumber="11" x="313" y="209" /><RopeNode nodeNumber="12" x="283" y="214" /><RopeNode nodeNumber="13" x="260" y="214" /><RopeNode nodeNumber="14" x="234" y="212" /><RopeNode nodeNumber="15" x="208" y="209" /><RopeNode nodeNumber="16" x="175" y="208" /><RopeNode nodeNumber="17" x="155" y="201" /><RopeNode nodeNumber="18" x="139" y="188" /><RopeNode nodeNumber="19" x="127" y="167" /><RopeNode nodeNumber="20" x="123" y="142" /><RopeNode nodeNumber="21" x="124" y="115" /><RopeNode nodeNumber="22" x="133" y="93" /><RopeNode nodeNumber="23" x="152" y="90" /><RopeNode nodeNumber="24" x="174" y="87" /><RopeNode nodeNumber="25" x="190" y="86" /><RopeNode nodeNumber="26" x="206" y="87" /></Rope></StartRopes><StartJoints /><StartElement /><StartTransporter /></GameConfig>