<?xml version="1.0"?><GameConfig><StartRopes><Rope Number="0" Type="chain"><RopeNode nodeNumber="0" x="21" y="111" /><RopeNode nodeNumber="1" x="40" y="93" /><RopeNode nodeNumber="2" x="59" y="86" /><RopeNode nodeNumber="3" x="79" y="84" /><RopeNode nodeNumber="4" x="99" y="84" /><RopeNode nodeNumber="5" x="117" y="89" /><RopeNode nodeNumber="6" x="141" y="95" /><RopeNode nodeNumber="7" x="158" y="101" /><RopeNode nodeNumber="8" x="182" y="110" /><RopeNode nodeNumber="9" x="197" y="126" /><RopeNode nodeNumber="10" x="209" y="146" /><RopeNode nodeNumber="11" x="211" y="160" /><RopeNode nodeNumber="12" x="211" y="175" /><RopeNode nodeNumber="13" x="208" y="191" /><RopeNode nodeNumber="14" x="203" y="208" /><RopeNode nodeNumber="15" x="193" y="219" /><RopeNode nodeNumber="16" x="172" y="222" /><RopeNode nodeNumber="17" x="148" y="225" /><RopeNode nodeNumber="18" x="122" y="225" /><RopeNode nodeNumber="19" x="96" y="226" /><RopeNode nodeNumber="20" x="76" y="226" /><RopeNode nodeNumber="21" x="52" y="218" /><RopeNode nodeNumber="22" x="34" y="203" /><RopeNode nodeNumber="23" x="22" y="183" /><RopeNode nodeNumber="24" x="15" y="167" /><RopeNode nodeNumber="25" x="11" y="145" /><RopeNode nodeNumber="26" x="10" y="125" /><RopeNode nodeNumber="27" x="15" y="114" /></Rope><Rope Number="1" Type="lift"><RopeNode nodeNumber="0" x="4" y="236" /><RopeNode nodeNumber="1" x="441" y="236" /><RopeNode nodeNumber="2" x="543" y="232" /></Rope></StartRopes><StartJoints /><StartElement /><StartTransporter /></GameConfig>