<?xml version="1.0"?><GameConfig><StartRopes><Rope Number="0" Type="path"><RopeNode nodeNumber="0" x="2" y="80" /><RopeNode nodeNumber="1" x="2" y="312" /><RopeNode nodeNumber="2" x="151" y="307" /><RopeNode nodeNumber="3" x="234" y="299" /><RopeNode nodeNumber="4" x="277" y="295" /><RopeNode nodeNumber="5" x="346" y="292" /><RopeNode nodeNumber="6" x="400" y="291" /><RopeNode nodeNumber="7" x="454" y="287" /><RopeNode nodeNumber="8" x="508" y="276" /><RopeNode nodeNumber="9" x="536" y="261" /><RopeNode nodeNumber="10" x="578" y="252" /><RopeNode nodeNumber="11" x="617" y="258" /><RopeNode nodeNumber="12" x="653" y="277" /><RopeNode nodeNumber="13" x="707" y="293" /><RopeNode nodeNumber="14" x="737" y="291" /><RopeNode nodeNumber="15" x="766" y="286" /><RopeNode nodeNumber="16" x="797" y="284" /><RopeNode nodeNumber="17" x="819" y="284" /><RopeNode nodeNumber="18" x="833" y="294" /><RopeNode nodeNumber="19" x="847" y="302" /><RopeNode nodeNumber="20" x="869" y="301" /><RopeNode nodeNumber="21" x="891" y="295" /><RopeNode nodeNumber="22" x="917" y="288" /></Rope><Rope Number="1" Type="chain"><RopeNode nodeNumber="0" x="25" y="149" /><RopeNode nodeNumber="1" x="39" y="145" /><RopeNode nodeNumber="2" x="55" y="142" /><RopeNode nodeNumber="3" x="70" y="142" /><RopeNode nodeNumber="4" x="87" y="142" /><RopeNode nodeNumber="5" x="102" y="142" /><RopeNode nodeNumber="6" x="119" y="142" /><RopeNode nodeNumber="7" x="140" y="142" /><RopeNode nodeNumber="8" x="159" y="148" /><RopeNode nodeNumber="9" x="169" y="159" /><RopeNode nodeNumber="10" x="173" y="176" /><RopeNode nodeNumber="11" x="173" y="190" /><RopeNode nodeNumber="12" x="165" y="201" /><RopeNode nodeNumber="13" x="150" y="207" /><RopeNode nodeNumber="14" x="131" y="211" /><RopeNode nodeNumber="15" x="109" y="212" /><RopeNode nodeNumber="16" x="90" y="212" /><RopeNode nodeNumber="17" x="74" y="212" /><RopeNode nodeNumber="18" x="55" y="212" /><RopeNode nodeNumber="19" x="38" y="211" /><RopeNode nodeNumber="20" x="20" y="208" /><RopeNode nodeNumber="21" x="12" y="194" /><RopeNode nodeNumber="22" x="9" y="176" /><RopeNode nodeNumber="23" x="13" y="162" /><RopeNode nodeNumber="24" x="20" y="152" /></Rope><Rope Number="2" Type="chainwheel"><RopeNode nodeNumber="0" x="36" y="177" /><RopeNode nodeNumber="1" x="139" y="177" /></Rope><Rope Number="3" Type="path"><RopeNode nodeNumber="0" x="918" y="288" /><RopeNode nodeNumber="1" x="929" y="289" /><RopeNode nodeNumber="2" x="941" y="286" /><RopeNode nodeNumber="3" x="964" y="286" /><RopeNode nodeNumber="4" x="988" y="286" /><RopeNode nodeNumber="5" x="1009" y="288" /><RopeNode nodeNumber="6" x="1040" y="289" /><RopeNode nodeNumber="7" x="1081" y="284" /><RopeNode nodeNumber="8" x="1114" y="284" /><RopeNode nodeNumber="9" x="1153" y="285" /><RopeNode nodeNumber="10" x="1208" y="285" /><RopeNode nodeNumber="11" x="1256" y="282" /><RopeNode nodeNumber="12" x="1296" y="275" /><RopeNode nodeNumber="13" x="1336" y="267" /><RopeNode nodeNumber="14" x="1375" y="257" /><RopeNode nodeNumber="15" x="1393" y="247" /><RopeNode nodeNumber="16" x="1429" y="239" /><RopeNode nodeNumber="17" x="1454" y="229" /><RopeNode nodeNumber="18" x="1482" y="225" /><RopeNode nodeNumber="19" x="1504" y="228" /><RopeNode nodeNumber="20" x="1526" y="242" /><RopeNode nodeNumber="21" x="1546" y="257" /><RopeNode nodeNumber="22" x="1569" y="265" /><RopeNode nodeNumber="23" x="1593" y="280" /><RopeNode nodeNumber="24" x="1620" y="282" /><RopeNode nodeNumber="25" x="1641" y="282" /><RopeNode nodeNumber="26" x="1649" y="281" /><RopeNode nodeNumber="27" x="1646" y="207" /><RopeNode nodeNumber="28" x="1644" y="150" /><RopeNode nodeNumber="29" x="1640" y="102" /></Rope></StartRopes><StartJoints /><StartElement /><StartTransporter /></GameConfig>