<?xml version="1.0"?><GameConfig><StartRopes><Rope Number="0" Type="path"><RopeNode nodeNumber="0" x="5" y="304" /><RopeNode nodeNumber="1" x="396" y="304" /></Rope><Rope Number="1" Type="chain"><RopeNode nodeNumber="0" x="74" y="197" /><RopeNode nodeNumber="1" x="96" y="199" /><RopeNode nodeNumber="2" x="115" y="203" /><RopeNode nodeNumber="3" x="133" y="213" /><RopeNode nodeNumber="4" x="136" y="225" /><RopeNode nodeNumber="5" x="134" y="236" /><RopeNode nodeNumber="6" x="125" y="247" /><RopeNode nodeNumber="7" x="110" y="252" /><RopeNode nodeNumber="8" x="93" y="257" /><RopeNode nodeNumber="9" x="70" y="256" /><RopeNode nodeNumber="10" x="50" y="257" /><RopeNode nodeNumber="11" x="30" y="256" /><RopeNode nodeNumber="12" x="15" y="248" /><RopeNode nodeNumber="13" x="7" y="231" /><RopeNode nodeNumber="14" x="4" y="213" /><RopeNode nodeNumber="15" x="8" y="205" /><RopeNode nodeNumber="16" x="17" y="198" /><RopeNode nodeNumber="17" x="30" y="194" /><RopeNode nodeNumber="18" x="40" y="194" /><RopeNode nodeNumber="19" x="53" y="194" /><RopeNode nodeNumber="20" x="65" y="194" /></Rope></StartRopes><StartJoints /><StartElement /><StartTransporter /></GameConfig>