<?xml version="1.0"?><GameConfig><StartRopes><Rope Number="0" Type="path"><RopeNode nodeNumber="0" x="9" y="210" /><RopeNode nodeNumber="1" x="233" y="236" /><RopeNode nodeNumber="2" x="309" y="239" /><RopeNode nodeNumber="3" x="912" y="236" /></Rope><Rope Number="1" Type="chain"><RopeNode nodeNumber="0" x="321" y="57" /><RopeNode nodeNumber="1" x="357" y="57" /><RopeNode nodeNumber="2" x="397" y="56" /><RopeNode nodeNumber="3" x="431" y="62" /><RopeNode nodeNumber="4" x="462" y="77" /><RopeNode nodeNumber="5" x="476" y="99" /><RopeNode nodeNumber="6" x="486" y="126" /><RopeNode nodeNumber="7" x="488" y="148" /><RopeNode nodeNumber="8" x="481" y="176" /><RopeNode nodeNumber="9" x="466" y="189" /><RopeNode nodeNumber="10" x="441" y="194" /><RopeNode nodeNumber="11" x="414" y="199" /><RopeNode nodeNumber="12" x="392" y="198" /><RopeNode nodeNumber="13" x="367" y="197" /><RopeNode nodeNumber="14" x="339" y="187" /><RopeNode nodeNumber="15" x="318" y="183" /><RopeNode nodeNumber="16" x="298" y="176" /><RopeNode nodeNumber="17" x="283" y="164" /><RopeNode nodeNumber="18" x="272" y="142" /><RopeNode nodeNumber="19" x="265" y="114" /><RopeNode nodeNumber="20" x="265" y="85" /><RopeNode nodeNumber="21" x="278" y="66" /><RopeNode nodeNumber="22" x="295" y="58" /><RopeNode nodeNumber="23" x="309" y="57" /></Rope><Rope Number="2" Type="path"><RopeNode nodeNumber="0" x="914" y="236" /><RopeNode nodeNumber="1" x="972" y="236" /><RopeNode nodeNumber="2" x="1130" y="238" /><RopeNode nodeNumber="3" x="1299" y="228" /><RopeNode nodeNumber="4" x="1462" y="221" /><RopeNode nodeNumber="5" x="1500" y="223" /></Rope></StartRopes><StartJoints /><StartElement /><StartTransporter /></GameConfig>