<?xml version="1.0"?><GameConfig><StartRopes><Rope Number="0" Type="path"><RopeNode nodeNumber="0" x="29" y="179" /><RopeNode nodeNumber="1" x="333" y="178" /><RopeNode nodeNumber="2" x="511" y="163" /><RopeNode nodeNumber="3" x="687" y="93" /><RopeNode nodeNumber="4" x="735" y="61" /><RopeNode nodeNumber="5" x="781" y="32" /><RopeNode nodeNumber="6" x="842" y="16" /><RopeNode nodeNumber="7" x="883" y="16" /><RopeNode nodeNumber="8" x="998" y="50" /><RopeNode nodeNumber="9" x="1077" y="86" /><RopeNode nodeNumber="10" x="1119" y="111" /><RopeNode nodeNumber="11" x="1131" y="120" /><RopeNode nodeNumber="12" x="1210" y="182" /><RopeNode nodeNumber="13" x="1269" y="199" /><RopeNode nodeNumber="14" x="1295" y="202" /><RopeNode nodeNumber="15" x="1357" y="203" /><RopeNode nodeNumber="16" x="1404" y="123" /><RopeNode nodeNumber="17" x="1465" y="194" /><RopeNode nodeNumber="18" x="1616" y="193" /><RopeNode nodeNumber="19" x="1655" y="195" /><RopeNode nodeNumber="20" x="1746" y="194" /><RopeNode nodeNumber="21" x="1765" y="169" /><RopeNode nodeNumber="22" x="1792" y="188" /><RopeNode nodeNumber="23" x="1833" y="182" /><RopeNode nodeNumber="24" x="1983" y="90" /></Rope><Rope Number="1" Type="lift"><RopeNode nodeNumber="0" x="1992" y="82" /><RopeNode nodeNumber="1" x="2073" y="82" /></Rope><Rope Number="2" Type="path"><RopeNode nodeNumber="0" x="2071" y="412" /><RopeNode nodeNumber="1" x="2272" y="403" /><RopeNode nodeNumber="2" x="2437" y="374" /><RopeNode nodeNumber="3" x="2538" y="335" /><RopeNode nodeNumber="4" x="2649" y="269" /><RopeNode nodeNumber="5" x="2819" y="133" /><RopeNode nodeNumber="6" x="2887" y="133" /><RopeNode nodeNumber="7" x="2911" y="111" /><RopeNode nodeNumber="8" x="2934" y="131" /><RopeNode nodeNumber="9" x="2988" y="131" /><RopeNode nodeNumber="10" x="2995" y="154" /><RopeNode nodeNumber="11" x="3000" y="164" /><RopeNode nodeNumber="12" x="3013" y="193" /><RopeNode nodeNumber="13" x="3042" y="231" /><RopeNode nodeNumber="14" x="3071" y="252" /><RopeNode nodeNumber="15" x="3113" y="261" /><RopeNode nodeNumber="16" x="3239" y="278" /></Rope><Rope Number="3" Type="fragile"><RopeNode nodeNumber="0" x="3259" y="280" /><RopeNode nodeNumber="1" x="3306" y="283" /></Rope><Rope Number="4" Type="fragile"><RopeNode nodeNumber="0" x="3320" y="286" /><RopeNode nodeNumber="1" x="3370" y="289" /></Rope><Rope Number="5" Type="fragile"><RopeNode nodeNumber="0" x="3382" y="290" /><RopeNode nodeNumber="1" x="3440" y="293" /></Rope><Rope Number="6" Type="fragile"><RopeNode nodeNumber="0" x="3454" y="295" /><RopeNode nodeNumber="1" x="3518" y="296" /></Rope><Rope Number="7" Type="fragile"><RopeNode nodeNumber="0" x="3533" y="298" /><RopeNode nodeNumber="1" x="3587" y="295" /></Rope><Rope Number="8" Type="fragile"><RopeNode nodeNumber="0" x="3602" y="292" /><RopeNode nodeNumber="1" x="3652" y="287" /></Rope><Rope Number="9" Type="path"><RopeNode nodeNumber="0" x="3662" y="285" /><RopeNode nodeNumber="1" x="3816" y="231" /><RopeNode nodeNumber="2" x="3942" y="166" /><RopeNode nodeNumber="3" x="4010" y="273" /><RopeNode nodeNumber="4" x="4207" y="275" /><RopeNode nodeNumber="5" x="4210" y="367" /><RopeNode nodeNumber="6" x="4355" y="368" /><RopeNode nodeNumber="7" x="4457" y="368" /><RopeNode nodeNumber="8" x="4457" y="235" /></Rope></StartRopes><StartJoints /><StartElement /><StartTransporter /></GameConfig>