<?xml version="1.0"?><GameConfig><StartRopes><Rope Number="0" Type="path"><RopeNode nodeNumber="0" x="29" y="161" /><RopeNode nodeNumber="1" x="210" y="161" /><RopeNode nodeNumber="2" x="283" y="140" /><RopeNode nodeNumber="3" x="319" y="119" /><RopeNode nodeNumber="4" x="341" y="94" /><RopeNode nodeNumber="5" x="357" y="75" /><RopeNode nodeNumber="6" x="380" y="64" /><RopeNode nodeNumber="7" x="397" y="62" /><RopeNode nodeNumber="8" x="427" y="62" /><RopeNode nodeNumber="9" x="452" y="72" /><RopeNode nodeNumber="10" x="480" y="99" /><RopeNode nodeNumber="11" x="508" y="124" /><RopeNode nodeNumber="12" x="554" y="145" /><RopeNode nodeNumber="13" x="582" y="154" /><RopeNode nodeNumber="14" x="654" y="154" /><RopeNode nodeNumber="15" x="768" y="154" /><RopeNode nodeNumber="16" x="933" y="154" /><RopeNode nodeNumber="17" x="1033" y="134" /><RopeNode nodeNumber="18" x="1120" y="97" /><RopeNode nodeNumber="19" x="1177" y="63" /><RopeNode nodeNumber="20" x="1207" y="41" /><RopeNode nodeNumber="21" x="1230" y="25" /><RopeNode nodeNumber="22" x="1413" y="25" /></Rope><Rope Number="1" Type="path"><RopeNode nodeNumber="0" x="1481" y="155" /><RopeNode nodeNumber="1" x="1626" y="137" /><RopeNode nodeNumber="2" x="1713" y="99" /><RopeNode nodeNumber="3" x="1787" y="67" /><RopeNode nodeNumber="4" x="1848" y="27" /><RopeNode nodeNumber="5" x="1976" y="27" /><RopeNode nodeNumber="6" x="1975" y="47" /><RopeNode nodeNumber="7" x="1977" y="69" /><RopeNode nodeNumber="8" x="2007" y="108" /><RopeNode nodeNumber="9" x="2045" y="127" /><RopeNode nodeNumber="10" x="2091" y="146" /><RopeNode nodeNumber="11" x="2164" y="176" /><RopeNode nodeNumber="12" x="2280" y="219" /><RopeNode nodeNumber="13" x="2336" y="163" /><RopeNode nodeNumber="14" x="2342" y="192" /><RopeNode nodeNumber="15" x="2365" y="262" /><RopeNode nodeNumber="16" x="2420" y="360" /><RopeNode nodeNumber="17" x="2545" y="445" /><RopeNode nodeNumber="18" x="2668" y="481" /><RopeNode nodeNumber="19" x="2714" y="442" /></Rope><Rope Number="2" Type="path"><RopeNode nodeNumber="0" x="2838" y="481" /><RopeNode nodeNumber="1" x="3006" y="457" /><RopeNode nodeNumber="2" x="3096" y="517" /><RopeNode nodeNumber="3" x="3226" y="493" /><RopeNode nodeNumber="4" x="3343" y="493" /><RopeNode nodeNumber="5" x="3386" y="493" /><RopeNode nodeNumber="6" x="3415" y="493" /><RopeNode nodeNumber="7" x="3432" y="491" /><RopeNode nodeNumber="8" x="3448" y="486" /><RopeNode nodeNumber="9" x="3461" y="480" /><RopeNode nodeNumber="10" x="3472" y="472" /><RopeNode nodeNumber="11" x="3481" y="456" /><RopeNode nodeNumber="12" x="3488" y="440" /><RopeNode nodeNumber="13" x="3563" y="440" /><RopeNode nodeNumber="14" x="3584" y="469" /><RopeNode nodeNumber="15" x="3594" y="484" /><RopeNode nodeNumber="16" x="3629" y="508" /><RopeNode nodeNumber="17" x="3667" y="519" /><RopeNode nodeNumber="18" x="3732" y="528" /><RopeNode nodeNumber="19" x="3818" y="514" /><RopeNode nodeNumber="20" x="3871" y="487" /><RopeNode nodeNumber="21" x="3926" y="452" /><RopeNode nodeNumber="22" x="3993" y="438" /></Rope><Rope Number="3" Type="path"><RopeNode nodeNumber="0" x="4005" y="460" /><RopeNode nodeNumber="1" x="4093" y="460" /></Rope><Rope Number="4" Type="path"><RopeNode nodeNumber="0" x="4131" y="538" /><RopeNode nodeNumber="1" x="4274" y="538" /></Rope><Rope Number="5" Type="path"><RopeNode nodeNumber="0" x="4320" y="586" /><RopeNode nodeNumber="1" x="4452" y="635" /><RopeNode nodeNumber="2" x="4576" y="631" /><RopeNode nodeNumber="3" x="4608" y="614" /><RopeNode nodeNumber="4" x="4636" y="592" /><RopeNode nodeNumber="5" x="4665" y="568" /></Rope><Rope Number="6" Type="path"><RopeNode nodeNumber="0" x="4714" y="660" /><RopeNode nodeNumber="1" x="4833" y="660" /><RopeNode nodeNumber="2" x="4936" y="660" /><RopeNode nodeNumber="3" x="4998" y="648" /><RopeNode nodeNumber="4" x="5036" y="635" /><RopeNode nodeNumber="5" x="5094" y="599" /><RopeNode nodeNumber="6" x="5187" y="599" /></Rope><Rope Number="7" Type="path"><RopeNode nodeNumber="0" x="5199" y="639" /><RopeNode nodeNumber="1" x="5242" y="695" /><RopeNode nodeNumber="2" x="5290" y="740" /><RopeNode nodeNumber="3" x="5382" y="779" /><RopeNode nodeNumber="4" x="5515" y="792" /><RopeNode nodeNumber="5" x="5563" y="792" /></Rope><Rope Number="8" Type="Normal"><RopeNode nodeNumber="0" x="5572" y="847" /><RopeNode nodeNumber="1" x="5615" y="919" /></Rope></StartRopes><StartJoints /><StartElement /><StartTransporter /></GameConfig>