<?xml version="1.0"?>
<GameConfig><StartRopes>
<Rope Number="0" Type="path">
<RopeNode nodeNumber="0" x="19" y="67" />
<RopeNode nodeNumber="1" x="17" y="197" />
<RopeNode nodeNumber="2" x="130" y="188" />
<RopeNode nodeNumber="3" x="285" y="197" />
<RopeNode nodeNumber="4" x="337" y="191" />
<RopeNode nodeNumber="5" x="410" y="124" />
<RopeNode nodeNumber="6" x="459" y="78" />
<RopeNode nodeNumber="7" x="526" y="6" />
<RopeNode nodeNumber="8" x="561" y="50" />
<RopeNode nodeNumber="9" x="692" y="131" />
<RopeNode nodeNumber="10" x="750" y="159" />
<RopeNode nodeNumber="11" x="882" y="194" />
<RopeNode nodeNumber="12" x="1035" y="194" />
</Rope><Rope Number="1" Type="path">
<RopeNode nodeNumber="0" x="1056" y="240" />
<RopeNode nodeNumber="1" x="1172" y="341" />
<RopeNode nodeNumber="2" x="1284" y="430" />
<RopeNode nodeNumber="3" x="1450" y="521" />
</Rope><Rope Number="2" Type="fragile">
<RopeNode nodeNumber="0" x="1478" y="528" />
<RopeNode nodeNumber="1" x="1573" y="551" />
</Rope><Rope Number="3" Type="fragile">
<RopeNode nodeNumber="0" x="1584" y="555" />
<RopeNode nodeNumber="1" x="1753" y="574" />
</Rope><Rope Number="4" Type="fragile">
<RopeNode nodeNumber="0" x="1768" y="577" />
<RopeNode nodeNumber="1" x="1902" y="578" />
</Rope><Rope Number="5" Type="Normal">
<RopeNode nodeNumber="0" x="1903" y="670" />
<RopeNode nodeNumber="1" x="2045" y="677" /><RopeNode nodeNumber="2" x="2089" y="670" /><RopeNode nodeNumber="3" x="2130" y="655" /><RopeNode nodeNumber="4" x="2181" y="618" /><RopeNode nodeNumber="5" x="2200" y="590" /><RopeNode nodeNumber="6" x="2235" y="514" /><RopeNode nodeNumber="7" x="2293" y="514" /><RopeNode nodeNumber="8" x="2323" y="580" /><RopeNode nodeNumber="9" x="2375" y="626" /><RopeNode nodeNumber="10" x="2521" y="630" /><RopeNode nodeNumber="11" x="2525" y="665" /><RopeNode nodeNumber="12" x="2540" y="696" /><RopeNode nodeNumber="13" x="2560" y="715" /><RopeNode nodeNumber="14" x="2588" y="722" /><RopeNode nodeNumber="15" x="2612" y="722" /><RopeNode nodeNumber="16" x="2652" y="706" /><RopeNode nodeNumber="17" x="2700" y="674" /><RopeNode nodeNumber="18" x="2754" y="642" /><RopeNode nodeNumber="19" x="2818" y="645" /><RopeNode nodeNumber="20" x="2851" y="660" /><RopeNode nodeNumber="21" x="2866" y="674" /><RopeNode nodeNumber="22" x="2889" y="728" /><RopeNode nodeNumber="23" x="2889" y="762" /><RopeNode nodeNumber="24" x="2908" y="804" /><RopeNode nodeNumber="25" x="2993" y="860" /><RopeNode nodeNumber="26" x="3157" y="907" /><RopeNode nodeNumber="27" x="3320" y="925" /><RopeNode nodeNumber="28" x="3394" y="912" /><RopeNode nodeNumber="29" x="3411" y="846" /><RopeNode nodeNumber="30" x="3441" y="914" /><RopeNode nodeNumber="31" x="3485" y="919" /><RopeNode nodeNumber="32" x="3529" y="920" /><RopeNode nodeNumber="33" x="3536" y="918" /><RopeNode nodeNumber="34" x="3548" y="913" /><RopeNode nodeNumber="35" x="3569" y="896" /><RopeNode nodeNumber="36" x="3586" y="877" /><RopeNode nodeNumber="37" x="3597" y="861" /><RopeNode nodeNumber="38" x="3615" y="837" /><RopeNode nodeNumber="39" x="3622" y="819" /><RopeNode nodeNumber="40" x="3628" y="801" /><RopeNode nodeNumber="41" x="3640" y="817" /><RopeNode nodeNumber="42" x="3667" y="850" /><RopeNode nodeNumber="43" x="3695" y="877" /><RopeNode nodeNumber="44" x="3750" y="919" /><RopeNode nodeNumber="45" x="3816" y="935" /><RopeNode nodeNumber="46" x="3842" y="935" /><RopeNode nodeNumber="47" x="3892" y="916" /><RopeNode nodeNumber="48" x="3928" y="889" /><RopeNode nodeNumber="49" x="4009" y="891" /><RopeNode nodeNumber="50" x="4136" y="886" /><RopeNode nodeNumber="51" x="4159" y="878" /><RopeNode nodeNumber="52" x="4177" y="868" /><RopeNode nodeNumber="53" x="4196" y="852" /><RopeNode nodeNumber="54" x="4216" y="828" /><RopeNode nodeNumber="55" x="4287" y="828" /><RopeNode nodeNumber="56" x="4287" y="901" /><RopeNode nodeNumber="57" x="4288" y="901" /><RopeNode nodeNumber="58" x="4430" y="902" /><RopeNode nodeNumber="59" x="4520" y="884" /><RopeNode nodeNumber="60" x="4544" y="870" /><RopeNode nodeNumber="61" x="4568" y="856" /><RopeNode nodeNumber="62" x="4600" y="851" /><RopeNode nodeNumber="63" x="4646" y="872" /><RopeNode nodeNumber="64" x="4650" y="891" /><RopeNode nodeNumber="65" x="4652" y="922" /><RopeNode nodeNumber="66" x="4652" y="941" /><RopeNode nodeNumber="67" x="4669" y="962" /><RopeNode nodeNumber="68" x="4689" y="967" /><RopeNode nodeNumber="69" x="4790" y="966" /><RopeNode nodeNumber="70" x="4792" y="1032" /><RopeNode nodeNumber="71" x="4938" y="1032" /><RopeNode nodeNumber="72" x="4940" y="1114" /><RopeNode nodeNumber="73" x="5074" y="1115" /><RopeNode nodeNumber="74" x="5200" y="1087" /><RopeNode nodeNumber="75" x="5261" y="1065" /><RopeNode nodeNumber="76" x="5350" y="1026" /><RopeNode nodeNumber="77" x="5420" y="982" /><RopeNode nodeNumber="78" x="5470" y="949" /><RopeNode nodeNumber="79" x="5515" y="917" /><RopeNode nodeNumber="80" x="5522" y="949" /><RopeNode nodeNumber="81" x="5534" y="983" /><RopeNode nodeNumber="82" x="5561" y="1018" /><RopeNode nodeNumber="83" x="5622" y="1061" /><RopeNode nodeNumber="84" x="5713" y="1073" /><RopeNode nodeNumber="85" x="5777" y="1072" /><RopeNode nodeNumber="86" x="5852" y="1052" /><RopeNode nodeNumber="87" x="5911" y="1021" /><RopeNode nodeNumber="88" x="5978" y="997" /><RopeNode nodeNumber="89" x="5992" y="992" /><RopeNode nodeNumber="90" x="5993" y="867" /><RopeNode nodeNumber="91" x="5992" y="869" /></Rope></StartRopes><StartJoints /><StartElement /><StartTransporter /></GameConfig>