<?xml version="1.0"?><GameConfig><StartRopes><Rope Number="0" Type="path"><RopeNode nodeNumber="0" x="47" y="145" /><RopeNode nodeNumber="1" x="47" y="228" /><RopeNode nodeNumber="2" x="363" y="226" /><RopeNode nodeNumber="3" x="568" y="186" /></Rope><Rope Number="1" Type="lift"><RopeNode nodeNumber="0" x="584" y="227" /><RopeNode nodeNumber="1" x="914" y="232" /></Rope><Rope Number="2" Type="path"><RopeNode nodeNumber="0" x="921" y="238" /><RopeNode nodeNumber="1" x="1191" y="229" /><RopeNode nodeNumber="2" x="1410" y="216" /></Rope></StartRopes><StartJoints /><StartElement /><StartTransporter /></GameConfig>