<?xml version="1.0"?><GameConfig><StartRopes><Rope Number="0" Type="path"><RopeNode nodeNumber="0" x="36" y="213" /><RopeNode nodeNumber="1" x="332" y="187" /><RopeNode nodeNumber="2" x="457" y="170" /></Rope><Rope Number="1" Type="lift"><RopeNode nodeNumber="0" x="487" y="202" /><RopeNode nodeNumber="1" x="828" y="203" /><RopeNode nodeNumber="2" x="871" y="215" /></Rope><Rope Number="2" Type="path"><RopeNode nodeNumber="0" x="864" y="158" /><RopeNode nodeNumber="1" x="993" y="158" /></Rope></StartRopes><StartJoints /><StartElement /><StartTransporter /></GameConfig>