<?xml version="1.0"?><GameConfig><StartRopes><Rope Number="0" Type="path"><RopeNode nodeNumber="0" x="5" y="172" /><RopeNode nodeNumber="1" x="3" y="230" /><RopeNode nodeNumber="2" x="52" y="228" /><RopeNode nodeNumber="3" x="102" y="230" /><RopeNode nodeNumber="4" x="150" y="229" /><RopeNode nodeNumber="5" x="208" y="224" /><RopeNode nodeNumber="6" x="259" y="214" /><RopeNode nodeNumber="7" x="291" y="207" /><RopeNode nodeNumber="8" x="323" y="200" /><RopeNode nodeNumber="9" x="357" y="193" /></Rope><Rope Number="1" Type="lift"><RopeNode nodeNumber="0" x="344" y="219" /><RopeNode nodeNumber="1" x="772" y="212" /></Rope><Rope Number="2" Type="path"><RopeNode nodeNumber="0" x="734" y="160" /><RopeNode nodeNumber="1" x="811" y="150" /><RopeNode nodeNumber="2" x="843" y="148" /><RopeNode nodeNumber="3" x="881" y="141" /><RopeNode nodeNumber="4" x="926" y="132" /><RopeNode nodeNumber="5" x="960" y="120" /><RopeNode nodeNumber="6" x="1020" y="102" /><RopeNode nodeNumber="7" x="1057" y="92" /><RopeNode nodeNumber="8" x="1098" y="87" /><RopeNode nodeNumber="9" x="1154" y="94" /><RopeNode nodeNumber="10" x="1228" y="100" /><RopeNode nodeNumber="11" x="1287" y="72" /><RopeNode nodeNumber="12" x="1323" y="70" /></Rope><Rope Number="3" Type="lift"><RopeNode nodeNumber="0" x="1292" y="120" /><RopeNode nodeNumber="1" x="1607" y="119" /><RopeNode nodeNumber="2" x="1889" y="114" /></Rope><Rope Number="4" Type="path"><RopeNode nodeNumber="0" x="1670" y="214" /><RopeNode nodeNumber="1" x="1940" y="210" /><RopeNode nodeNumber="2" x="2039" y="210" /><RopeNode nodeNumber="3" x="2178" y="213" /><RopeNode nodeNumber="4" x="2338" y="207" /><RopeNode nodeNumber="5" x="2532" y="209" /><RopeNode nodeNumber="6" x="2708" y="203" /><RopeNode nodeNumber="7" x="2865" y="208" /><RopeNode nodeNumber="8" x="2991" y="202" /></Rope><Rope Number="5" Type="lift"><RopeNode nodeNumber="0" x="2983" y="232" /><RopeNode nodeNumber="1" x="3522" y="230" /></Rope><Rope Number="6" Type="path"><RopeNode nodeNumber="0" x="3475" y="53" /><RopeNode nodeNumber="1" x="3574" y="54" /><RopeNode nodeNumber="2" x="3662" y="65" /><RopeNode nodeNumber="3" x="3799" y="113" /><RopeNode nodeNumber="4" x="3896" y="121" /><RopeNode nodeNumber="5" x="4007" y="132" /><RopeNode nodeNumber="6" x="4069" y="136" /><RopeNode nodeNumber="7" x="4149" y="133" /></Rope></StartRopes><StartJoints /><StartElement /><StartTransporter /></GameConfig>