<?xml version="1.0"?><GameConfig><StartRopes><Rope Number="0" Type="path"><RopeNode nodeNumber="0" x="1" y="6" /><RopeNode nodeNumber="1" x="3" y="235" /><RopeNode nodeNumber="2" x="917" y="171" /></Rope><Rope Number="1" Type="lift"><RopeNode nodeNumber="0" x="951" y="212" /><RopeNode nodeNumber="1" x="1732" y="225" /></Rope><Rope Number="2" Type="path"><RopeNode nodeNumber="0" x="1683" y="106" /><RopeNode nodeNumber="1" x="2078" y="100" /><RopeNode nodeNumber="2" x="2373" y="95" /><RopeNode nodeNumber="3" x="2646" y="86" /><RopeNode nodeNumber="4" x="2852" y="64" /><RopeNode nodeNumber="5" x="3013" y="51" /><RopeNode nodeNumber="6" x="3189" y="45" /><RopeNode nodeNumber="7" x="3175" y="61" /></Rope><Rope Number="3" Type="lift"><RopeNode nodeNumber="0" x="3140" y="95" /><RopeNode nodeNumber="1" x="3590" y="94" /><RopeNode nodeNumber="2" x="3927" y="93" /></Rope><Rope Number="4" Type="Normal"><RopeNode nodeNumber="0" x="3897" y="225" /><RopeNode nodeNumber="1" x="4401" y="230" /></Rope></StartRopes><StartJoints /><StartElement /><StartTransporter /></GameConfig>