<?xml version="1.0"?><GameConfig><StartRopes><Rope Number="0" Type=""><RopeNode nodeNumber="0" x="8" y="177" /><RopeNode nodeNumber="1" x="141" y="177" /><RopeNode nodeNumber="2" x="227" y="168" /><RopeNode nodeNumber="3" x="262" y="162" /><RopeNode nodeNumber="4" x="283" y="158" /><RopeNode nodeNumber="5" x="389" y="156" /><RopeNode nodeNumber="6" x="417" y="158" /><RopeNode nodeNumber="7" x="445" y="164" /><RopeNode nodeNumber="8" x="601" y="220" /><RopeNode nodeNumber="9" x="713" y="227" /><RopeNode nodeNumber="10" x="739" y="227" /><RopeNode nodeNumber="11" x="758" y="227" /><RopeNode nodeNumber="12" x="782" y="228" /><RopeNode nodeNumber="13" x="855" y="229" /><RopeNode nodeNumber="14" x="952" y="242" /></Rope><Rope Number="1" Type="path"><RopeNode nodeNumber="0" x="948" y="250" /><RopeNode nodeNumber="1" x="996" y="255" /><RopeNode nodeNumber="2" x="1032" y="254" /><RopeNode nodeNumber="3" x="1049" y="256" /><RopeNode nodeNumber="4" x="1094" y="249" /><RopeNode nodeNumber="5" x="1113" y="249" /><RopeNode nodeNumber="6" x="1157" y="252" /><RopeNode nodeNumber="7" x="1191" y="264" /><RopeNode nodeNumber="8" x="1341" y="346" /><RopeNode nodeNumber="9" x="1346" y="343" /><RopeNode nodeNumber="10" x="1356" y="345" /><RopeNode nodeNumber="11" x="1380" y="345" /><RopeNode nodeNumber="12" x="1450" y="343" /><RopeNode nodeNumber="13" x="1527" y="331" /><RopeNode nodeNumber="14" x="1536" y="303" /><RopeNode nodeNumber="15" x="1556" y="320" /><RopeNode nodeNumber="16" x="1569" y="313" /><RopeNode nodeNumber="17" x="1649" y="252" /><RopeNode nodeNumber="18" x="1770" y="137" /><RopeNode nodeNumber="19" x="1867" y="110" /><RopeNode nodeNumber="20" x="2047" y="96" /><RopeNode nodeNumber="21" x="2156" y="90" /><RopeNode nodeNumber="22" x="2300" y="163" /><RopeNode nodeNumber="23" x="2426" y="246" /><RopeNode nodeNumber="24" x="2572" y="353" /><RopeNode nodeNumber="25" x="2739" y="449" /><RopeNode nodeNumber="26" x="2848" y="450" /><RopeNode nodeNumber="27" x="2971" y="409" /><RopeNode nodeNumber="28" x="2976" y="404" /><RopeNode nodeNumber="29" x="2980" y="400" /><RopeNode nodeNumber="30" x="2986" y="397" /><RopeNode nodeNumber="31" x="2995" y="397" /><RopeNode nodeNumber="32" x="3001" y="396" /><RopeNode nodeNumber="33" x="3006" y="398" /><RopeNode nodeNumber="34" x="3011" y="402" /><RopeNode nodeNumber="35" x="3012" y="406" /><RopeNode nodeNumber="36" x="3018" y="413" /><RopeNode nodeNumber="37" x="3023" y="420" /><RopeNode nodeNumber="38" x="3061" y="423" /><RopeNode nodeNumber="39" x="3094" y="422" /><RopeNode nodeNumber="40" x="3110" y="422" /><RopeNode nodeNumber="41" x="3131" y="434" /><RopeNode nodeNumber="42" x="3216" y="525" /><RopeNode nodeNumber="43" x="3357" y="629" /><RopeNode nodeNumber="44" x="3485" y="755" /><RopeNode nodeNumber="45" x="3754" y="816" /><RopeNode nodeNumber="46" x="3991" y="834" /></Rope><Rope Number="2" Type="Normal"><RopeNode nodeNumber="0" x="4006" y="836" /><RopeNode nodeNumber="1" x="4095" y="836" /><RopeNode nodeNumber="2" x="4095" y="908" /><RopeNode nodeNumber="3" x="4185" y="908" /><RopeNode nodeNumber="4" x="4231" y="892" /><RopeNode nodeNumber="5" x="4328" y="892" /><RopeNode nodeNumber="6" x="4328" y="966" /><RopeNode nodeNumber="7" x="4438" y="966" /><RopeNode nodeNumber="8" x="4475" y="928" /><RopeNode nodeNumber="9" x="4510" y="968" /><RopeNode nodeNumber="10" x="4628" y="1061" /><RopeNode nodeNumber="11" x="4762" y="1130" /><RopeNode nodeNumber="12" x="4982" y="1187" /><RopeNode nodeNumber="13" x="5220" y="1252" /><RopeNode nodeNumber="14" x="5303" y="1178" /><RopeNode nodeNumber="15" x="5380" y="1260" /><RopeNode nodeNumber="16" x="5540" y="1265" /><RopeNode nodeNumber="17" x="5582" y="1211" /><RopeNode nodeNumber="18" x="5617" y="1259" /><RopeNode nodeNumber="19" x="5715" y="1273" /><RopeNode nodeNumber="20" x="5780" y="1277" /><RopeNode nodeNumber="21" x="5985" y="1281" /><RopeNode nodeNumber="22" x="5984" y="1165" /></Rope></StartRopes><StartJoints /><StartElement /><StartTransporter /></GameConfig>