<?xml version="1.0"?><GameConfig><StartRopes><Rope Number="0" Type="path"><RopeNode nodeNumber="0" x="739" y="112" /><RopeNode nodeNumber="1" x="739" y="236" /><RopeNode nodeNumber="2" x="1053" y="165" /></Rope><Rope Number="1" Type="lift"><RopeNode nodeNumber="0" x="1032" y="199" /><RopeNode nodeNumber="1" x="1510" y="199" /></Rope><Rope Number="2" Type="path"><RopeNode nodeNumber="0" x="1473" y="219" /><RopeNode nodeNumber="1" x="1568" y="220" /><RopeNode nodeNumber="2" x="1650" y="220" /><RopeNode nodeNumber="3" x="1836" y="212" /><RopeNode nodeNumber="4" x="1988" y="205" /></Rope><Rope Number="3" Type="lift"><RopeNode nodeNumber="0" x="1968" y="222" /><RopeNode nodeNumber="1" x="4254" y="207" /></Rope><Rope Number="4" Type="lift"><RopeNode nodeNumber="0" x="4251" y="221" /><RopeNode nodeNumber="1" x="4285" y="129" /><RopeNode nodeNumber="2" x="4520" y="114" /><RopeNode nodeNumber="3" x="4696" y="108" /></Rope><Rope Number="5" Type="path"><RopeNode nodeNumber="0" x="4277" y="223" /><RopeNode nodeNumber="1" x="4846" y="194" /><RopeNode nodeNumber="2" x="4913" y="114" /><RopeNode nodeNumber="3" x="4917" y="49" /><RopeNode nodeNumber="4" x="4923" y="5" /></Rope></StartRopes><StartJoints /><StartElement /><StartTransporter /></GameConfig>