<?xml version="1.0"?><GameConfig><StartRopes><Rope Number="0" Type="path"><RopeNode nodeNumber="0" x="4" y="215" /><RopeNode nodeNumber="1" x="915" y="217" /><RopeNode nodeNumber="2" x="1250" y="208" /><RopeNode nodeNumber="3" x="2237" y="126" /></Rope><Rope Number="1" Type="path"><RopeNode nodeNumber="0" x="2242" y="189" /><RopeNode nodeNumber="1" x="2580" y="191" /><RopeNode nodeNumber="2" x="2951" y="184" /><RopeNode nodeNumber="3" x="3066" y="172" /><RopeNode nodeNumber="4" x="3502" y="147" /><RopeNode nodeNumber="5" x="3876" y="104" /><RopeNode nodeNumber="6" x="4105" y="78" /><RopeNode nodeNumber="7" x="4249" y="70" /><RopeNode nodeNumber="8" x="4498" y="71" /><RopeNode nodeNumber="9" x="4652" y="74" /><RopeNode nodeNumber="10" x="4669" y="65" /><RopeNode nodeNumber="11" x="4679" y="65" /></Rope><Rope Number="2" Type="path"><RopeNode nodeNumber="0" x="4602" y="181" /><RopeNode nodeNumber="1" x="5157" y="196" /><RopeNode nodeNumber="2" x="5381" y="218" /><RopeNode nodeNumber="3" x="5646" y="224" /><RopeNode nodeNumber="4" x="5898" y="223" /><RopeNode nodeNumber="5" x="6361" y="198" /><RopeNode nodeNumber="6" x="6478" y="202" /></Rope></StartRopes><StartJoints /><StartElement /><StartTransporter />
<appwidget-provider xmlns:android="http://schemas.android.com/apk/res/android"/>
</GameConfig>